run_id,stage,profile,hand,mapping,rows,duration_s,actual_rate_hz,engaged_rows,ik_failures,browser_capture_to_send_p50_ms,browser_capture_to_send_p95_ms,pc_arrival_to_command_p50_ms,pc_arrival_to_command_p95_ms,command_interval_p50_ms,command_interval_p95_ms,feedback_abs_max_error_p50_rad,feedback_abs_max_error_p95_rad,command_to_encoder_lag_estimate_ms,capture_to_encoder_estimate_ms,operator_result
20260722-143605_calibrated-adaptive-30pct-arm-test,milestone-1,calibrated_adaptive_30pct_hardware,left,legacy,2700,29.988,90.003,2283,0,0.275,0.390,1.811,2.415,11.104,11.911,0.003,0.015,,,working low-latency baseline
20260722-153618_no-catchup-30ms-arm-test-v2,milestone-2,no_catchup_30pct_hardware,left,legacy,2172,29.982,72.411,1992,0,0.284,0.389,7.951,13.485,13.763,14.931,0.003,0.006,,,much smoother 30 ms horizon
20260722-155851_step1-send-barrier-8ms-arm-test,milestone-3-step-1,send_barrier_30pct_hardware,left,legacy,2700,29.983,90.018,2106,0,0.269,0.359,1.954,2.616,11.108,11.790,0.002,0.004,,,smooth final-send pacing
20260722-160240_step2-25ms-arm-test,milestone-3-step-2,step2_25ms_30pct_hardware,left,legacy,2700,29.988,90.004,2603,0,0.271,0.372,2.088,2.780,11.120,11.836,0.003,0.007,,,25 ms horizon accepted
20260722-165441_milestone3-step3-60s-acceptance,milestone-3-step-3,step3_velocity_feedforward_25ms_hardware,left,legacy,5400,59.981,90.011,4996,0,0.383,0.489,2.092,2.841,11.140,11.897,0.002,0.004,28.00,31.3,best validated left rollback
20260723-165313_four-mode-50pct-continuous,right-mirror-50pct,quest_50pct_hardware,right,mirror,4145,46.098,89.895,3453,0,0.322,0.444,1.555,2.018,11.111,11.935,0.002,0.005,27.25,29.9,operator accepted
20260723-171126_four-mode-50pct-continuous,right-mirror-50pct-latest,quest_50pct_hardware,right,mirror,4627,51.398,90.003,4242,0,0.324,0.449,1.667,2.146,11.097,12.053,0.003,0.006,27.25,30.0,operator accepted and very responsive
20260812-172002_right-dual-bench-axis-validation-01,right-dual-axis-20pct,right_dual_bench_axis_validation_hardware,right,real,1350,14.985,90.026,1059,0,0.597,1.060,1.918,2.459,11.115,13.704,0.001798,0.004163,,,technical pass; superseded by operator-accepted 40pct run
20260812-173543_right-dual-bench-40pct-full-gripper-01,right-dual-40pct-full-gripper,right_dual_bench_40pct_full_gripper_hardware,right,real,4043,44.987,89.849,3705,0,0.632,1.325,2.295,3.099,11.082,13.790,0.002571,0.005237,,,operator accepted directions orientation gripper and shutdown at 40pct
20260812-180149_dual-40pct-first-coordinated-01,dual-behind-40pct,dual_widowxai,both,real-behind,4045,44.996,89.874,3786,0,,,,,,,,,,,operator accepted both arms in all directions; grippers not commanded
20260812-181814_dual-mirrored-45s-first-physical-01,dual-mirrored-45pct,dual_widowxai_mirrored,both,mirror,4039,44.990,89.752,3229,0,,,,,,,,,,,operator accepted mirrored bimanual mapping and assignment; grippers not commanded
20260814-164138_dual-behind-60pct-marker-validation-01,dual-behind-60pct-tracking-stop,dual_widowxai,both,real-behind,1861,20.681,89.937,,0,,,,,,,,,,,safety stop: left joint-4 tracking error 0.081099 rad; collision hold recovered; both arms returned to rest
20260814-165124_dual-behind-60pct-marker-validation-01,dual-behind-60t-60r-command-skew-stop,dual_widowxai,both,real-behind,1905,21.617,88.080,0,0,,,,,,,,,,,safety stop: terminal measured 10.432 ms dual-send skew; both arms returned to rest
20260814-165215_dual-behind-60pct-marker-validation-01,dual-behind-60t-45r-load-release-stop,dual_widowxai,both,real-behind,3577,40.008,89.381,1215,0,,,,,,,,,,,marker-cap release caused physical recoil and left joint-4 tracking stop at 0.082283 rad; right gripper rest unconfirmed
20260814-173146_dual-60pct-load-guard-physical-01,dual-behind-60t-60r-load-yield-oscillation,dual_widowxai,both,real-behind,5325,59.996,88.755,589,0,,,,,,,,,,,measured-feedback load yield triggered once and oscillated both commands for 1.360 s; feature physically rejected and removed
20260814-175752_dual-mirrored-45pct-post-rollback-01,dual-mirrored-45pct-frontback-rejected,dual_widowxai_mirrored,both,mirror,4049,44.991,89.996,2766,0,,,,,,,,,,,technically clean; assignment lateral vertical and rotations correct; front/back sign rejected by operator
